id,image_path,label
0,train_data\00LH2877.png,00LH2877
1,train_data\0310CRG.png,0310CRG
2,train_data\04KY53I2.png,04KY53I2
3,train_data\04WH3753.png,04WH3753
4,train_data\0648BU.png,0648BU
5,train_data\07KE10361.png,07KE10361
6,train_data\08BBJ9.png,08BBJ9
7,train_data\1020HG90.jpg,1020HG90
8,train_data\103YC68.jpg,103YC68
9,train_data\1131XD29.jpg,1131XD29
10,train_data\1218ZD25.jpg,1218ZD25
12,train_data\1484ZM30.png,1484ZM30
13,train_data\1500WD68.jpg,1500WD68
14,train_data\19LPBL1.png,19LPBL1
15,train_data\1AAL547.png,1AAL547
16,train_data\1AAL547_1.png,1AAL547
17,train_data\1BQQ250.png,1BQQ250
18,train_data\1GFZ461.png,1GFZ461
19,train_data\1KTT82.png,1KTT82
20,train_data\1OYD682.png,1OYD682
21,train_data\20319TTW.png,20319TTW
22,train_data\20CEY44.jpg,20CEY44
23,train_data\2330GY90.jpg,2330GY90
24,train_data\236M125.png,236M125
25,train_data\2417GSM.png,2417GSM
26,train_data\24EZ90.jpg,24EZ90
27,train_data\252AYF67.png,252AYF67
28,train_data\2AN0913.png,2AN0913
29,train_data\2KVB52.png,2KVB52
30,train_data\30VBX7.png,30VBX7
31,train_data\3233YG30.png,3233YG30
32,train_data\3233YG30_1.png,3233YG30
33,train_data\32LZ43.png,32LZ43
34,train_data\3307WWA84.png,3307WWA84
35,train_data\3372HKW.png,3372HKW
36,train_data\33DS71.png,33DS71
37,train_data\381ATK83.png,381ATK83
38,train_data\3956ZJ68.jpg,3956ZJ68
39,train_data\3H360E.png,3H360E
40,train_data\4293HF.png,4293HF
41,train_data\42MR22.png,42MR22
42,train_data\43TFQ92.png,43TFQ92
43,train_data\45XM6.png,45XM6
44,train_data\4969ZD56.png,4969ZD56
45,train_data\4980BM.png,4980BM
46,train_data\4CO78E.png,4CO78E
47,train_data\50KZ08.png,50KZ08
48,train_data\5122WQ06.jpg,5122WQ06
49,train_data\515ND70.jpg,515ND70
50,train_data\5483648.png,5483648
51,train_data\54JXF8.png,54JXF8
52,train_data\5675858.png,5675858
53,train_data\5951FPF.png,5951FPF
54,train_data\6099TV66.jpg,6099TV66
55,train_data\6176YM27.jpg,6176YM27
56,train_data\6473GZR.png,6473GZR
57,train_data\6807GZ2A.png,6807GZ2A
58,train_data\6935XY64.jpg,6935XY64
59,train_data\71TPR1.png,71TPR1
60,train_data\72WFRV.png,72WFRV
61,train_data\7418ZE25.jpg,7418ZE25
62,train_data\75N1960G_1.png,75N1960G
63,train_data\75XNH3.png,75XNH3
64,train_data\7770ZP14.jpg,7770ZP14
65,train_data\7796ZA30.png,7796ZA30
66,train_data\779PRA75.jpg,779PRA75
67,train_data\7B71000.png,7B71000
68,train_data\8185ZS30.png,8185ZS30
69,train_data\8326WWG34.png,8326WWG34
70,train_data\84R2712A.png,84R2712A
71,train_data\84R2712A_1.png,84R2712A
72,train_data\9089TW22.jpg,9089TW22
73,train_data\9148SZ66.jpg,9148SZ66
74,train_data\9343ZH68.jpg,9343ZH68
75,train_data\9348BN.png,9348BN
76,train_data\9551WA64.jpg,9551WA64
77,train_data\97C17149.png,97C17149
78,train_data\97WW755.png,97WW755
79,train_data\995AXF35.jpg,995AXF35
80,train_data\996AHG.png,996AHG
81,train_data\9A911D.png,9A911D
82,train_data\9EBT002.png,9EBT002
83,train_data\9JAG121.png,9JAG121
84,train_data\9JAG121_1.png,9JAG121
85,train_data\AA1399B0.png,AA1399B0
86,train_data\AA252WS.jpg,AA252WS
87,train_data\AA508ST.png,AA508ST
88,train_data\AA601DQ.png,AA601DQ
89,train_data\AA6888KI.png,AA6888KI
90,train_data\AA821PT.png,AA821PT
91,train_data\AAAA111.JPG,AAAA111
92,train_data\ABA1234.JPG,ABA1234
93,train_data\ABGAP33.png,ABGAP33
94,train_data\ACJ1698.png,ACJ1698
95,train_data\AE014ZH.png,AE014ZH
96,train_data\AE335VY.jpg,AE335VY
97,train_data\AEK5017.png,AEK5017
98,train_data\AFZ8924.png,AFZ8924
99,train_data\AH004FEZ.png,AH004FEZ
100,train_data\AH595PC.png,AH595PC
101,train_data\AI20291.png,AI20291
102,train_data\AI20291_1.png,AI20291
103,train_data\AK685FJ.jpg,AK685FJ
104,train_data\AL333SM.jpg,AL333SM
105,train_data\AM113DA.png,AM113DA
106,train_data\ANCL550.png,ANCL550
107,train_data\ANK7444.png,ANK7444
108,train_data\AP645VY.jpg,AP645VY
109,train_data\AP666TQ.jpg,AP666TQ
110,train_data\AP819FK.jpg,AP819FK
111,train_data\AR21346.png,AR21346
112,train_data\AR687FF.jpg,AR687FF
113,train_data\AT688KL.jpg,AT688KL
114,train_data\AV812LT.png,AV812LT
115,train_data\AY963FL.jpg,AY963FL
116,train_data\AZ998DA.png,AZ998DA
117,train_data\B089414.png,B089414
118,train_data\B101JGV.png,B101JGV
119,train_data\B111TXS.png,B111TXS
120,train_data\B121NCA.png,B121NCA
121,train_data\B121PHD_1.png,B121PHD
122,train_data\B144MOS.png,B144MOS
123,train_data\B152FTO.png,B152FTO
124,train_data\B172WAW.png,B172WAW
125,train_data\B176WOW.png,B176WOW
126,train_data\B198FLN.png,B198FLN
127,train_data\B24RRX.png,B24RRX
128,train_data\B276WOW.png,B276WOW
129,train_data\B305CIL.png,B305CIL
130,train_data\B310VLV.png,B310VLV
131,train_data\B311ALY.png,B311ALY
132,train_data\B311ALY_1.png,B311ALY
133,train_data\B320WTW.png,B320WTW
134,train_data\B320WTW_1.png,B320WTW
135,train_data\B3456.png,B3456
136,train_data\B449AP.png,B449AP
137,train_data\B535SFI.png,B535SFI
138,train_data\B577PRO.png,B577PRO
139,train_data\B57RCH.png,B57RCH
140,train_data\B58BBP.png,B58BBP
141,train_data\B58DTK.png,B58DTK
142,train_data\B58RMB.png,B58RMB
143,train_data\B68SPK.png,B68SPK
144,train_data\B69SXV.png,B69SXV
145,train_data\B75MCY.png,B75MCY
146,train_data\B75MCY_1.png,B75MCY
147,train_data\B839HAR.png,B839HAR
148,train_data\B839HAR_1.png,B839HAR
149,train_data\B90MYU.png,B90MYU
150,train_data\B911BLG.png,B911BLG
151,train_data\B911BLG_1.png,B911BLG
152,train_data\B91SYE.png,B91SYE
153,train_data\B95GSV.png,B95GSV
154,train_data\B96SXV.png,B96SXV
155,train_data\B96TRH.png,B96TRH
156,train_data\B97TWD_1.png,B97TWD
157,train_data\B98LPM.png,B98LPM
158,train_data\B99BNX.png,B99BNX
159,train_data\BA0304AC.png,BA0304AC
160,train_data\BA065FT.jpg,BA065FT
161,train_data\BA493MK.png,BA493MK
162,train_data\BA884XN.jpg,BA884XN
163,train_data\BAXA506.png,BAXA506
164,train_data\BAXB500.png,BAXB500
165,train_data\BB128ZB.jpg,BB128ZB
166,train_data\BB683JP.png,BB683JP
167,train_data\BB980NJ.jpg,BB980NJ
168,train_data\BBHZ1007.png,BBHZ1007
169,train_data\BC081WH.png,BC081WH
170,train_data\BE19260.png,BE19260
171,train_data\BE259030.png,BE259030
172,train_data\BE259030_1.png,BE259030
173,train_data\BE609343.png,BE609343
174,train_data\BE800HG.png,BE800HG
175,train_data\BE850NF.jpg,BE850NF
176,train_data\BF058NY.jpg,BF058NY
177,train_data\BF283TX.png,BF283TX
178,train_data\BG19517.png,BG19517
179,train_data\BH109XW.jpg,BH109XW
180,train_data\BH3946BT.png,BH3946BT
181,train_data\BH66597.png,BH66597
182,train_data\BH688GW.jpg,BH688GW
183,train_data\BH815JR.jpg,BH815JR
184,train_data\BIA3IGJ.png,BIA3IGJ
185,train_data\BJ202ZP.jpg,BJ202ZP
186,train_data\BJ604SB.jpg,BJ604SB
187,train_data\BJ814JR.jpg,BJ814JR
188,train_data\BK308GQ.jpg,BK308GQ
189,train_data\BK678YW.jpg,BK678YW
190,train_data\BL001AA.png,BL001AA
191,train_data\BL315PX.png,BL315PX
192,train_data\BL33635_1.png,BL33635
193,train_data\BL374RT.png,BL374RT
194,train_data\BL585KE.jpg,BL585KE
195,train_data\BLAM414.png,BLAM414
196,train_data\BLC971.png,BLC971
197,train_data\BM040RK.jpg,BM040RK
198,train_data\BM563AP.png,BM563AP
199,train_data\BMJ9855.png,BMJ9855
200,train_data\BMW6220.png,BMW6220
201,train_data\BN15858.png,BN15858
202,train_data\BN840DD.png,BN840DD
203,train_data\BP310AH.png,BP310AH
204,train_data\BP78222.png,BP78222
205,train_data\BP897ER.jpg,BP897ER
206,train_data\BQ360YQ.jpg,BQ360YQ
207,train_data\BQ670QB.png,BQ670QB
208,train_data\BQ708GP.png,BQ708GP
209,train_data\BR07AAC.png,BR07AAC
210,train_data\BR07AAC_1.png,BR07AAC
211,train_data\BR16MOC.png,BR16MOC
212,train_data\BR16MOC_1.png,BR16MOC
213,train_data\BRL702.png,BRL702
214,train_data\BS398KW.jpg,BS398KW
215,train_data\BS45640.png,BS45640
216,train_data\BS45640_1.png,BS45640
217,train_data\BS897PN.png,BS897PN
218,train_data\BT091WZ.jpg,BT091WZ
219,train_data\BT254HA.jpg,BT254HA
220,train_data\BTF857H.png,BTF857H
221,train_data\BV547PG.png,BV547PG
222,train_data\BW091AS.png,BW091AS
223,train_data\BW2172.png,BW2172
224,train_data\BW716WH.jpg,BW716WH
225,train_data\BXSV91.png,BXSV91
226,train_data\BY187RT.jpg,BY187RT
227,train_data\C04279Y.png,C04279Y
228,train_data\CA188VG.jpg,CA188VG
229,train_data\CA213ZN.jpg,CA213ZN
230,train_data\CA6183BS.png,CA6183BS
231,train_data\CC221PK.jpg,CC221PK
232,train_data\CE683HR.png,CE683HR
233,train_data\CE7373AE.png,CE7373AE
234,train_data\CE7569AT.png,CE7569AT
235,train_data\CE8670AX.png,CE8670AX
236,train_data\CEH422S.png,CEH422S
237,train_data\CF058NS.jpg,CF058NS
238,train_data\CG673BQ.jpg,CG673BQ
239,train_data\CG988FL.jpg,CG988FL
240,train_data\CH366BX.jpg,CH366BX
241,train_data\CH516BB.jpg,CH516BB
242,train_data\CJ183LS.png,CJ183LS
243,train_data\CJ300YS.jpg,CJ300YS
244,train_data\CJ447RV.jpg,CJ447RV
245,train_data\CJ711YG.jpg,CJ711YG
246,train_data\CK1007.png,CK1007
247,train_data\CK7A1DT.png,CK7A1DT
248,train_data\CK80068.png,CK80068
249,train_data\CM229MN.png,CM229MN
250,train_data\CM229MN_1.png,CM229MN
251,train_data\CM855DY.png,CM855DY
252,train_data\CN976MT.jpg,CN976MT
253,train_data\CQ159PK.jpg,CQ159PK
254,train_data\CQ378MH.jpg,CQ378MH
255,train_data\CQ699FC.jpg,CQ699FC
256,train_data\CR214ZQ.jpg,CR214ZQ
257,train_data\CRX110.png,CRX110
258,train_data\CS903QC.jpg,CS903QC
259,train_data\CT038ZN.png,CT038ZN
260,train_data\CT401KB.jpg,CT401KB
261,train_data\CT879GW.png,CT879GW
262,train_data\CV594AF.png,CV594AF
263,train_data\CX347FC.png,CX347FC
264,train_data\CX471YT.jpg,CX471YT
265,train_data\CY381NR.png,CY381NR
266,train_data\CY381NR_1.png,CY381NR
267,train_data\CZ743ZY.png,CZ743ZY
268,train_data\D042652.png,D042652
269,train_data\DA424BH.png,DA424BH
270,train_data\DB18SCF.png,DB18SCF
271,train_data\DB48SCF.png,DB48SCF
272,train_data\DB749GD.jpg,DB749GD
273,train_data\DB999EM.jpg,DB999EM
274,train_data\DC165MK.jpg,DC165MK
275,train_data\DD178TV.jpg,DD178TV
276,train_data\DD256CG.jpg,DD256CG
277,train_data\DD454YP.jpg,DD454YP
278,train_data\DE446EP.jpg,DE446EP
279,train_data\DH058PS.jpg,DH058PS
280,train_data\DJ097DJ.png,DJ097DJ
281,train_data\DJ115AO.png,DJ115AO
282,train_data\DK436ET.jpg,DK436ET
283,train_data\DK752QM.jpg,DK752QM
284,train_data\DL076WT.jpg,DL076WT
285,train_data\DM025MP.jpg,DM025MP
286,train_data\DN419NG.jpg,DN419NG
287,train_data\DOHAPE1.png,DOHAPE1
288,train_data\DP92OCN.png,DP92OCN
289,train_data\DP933CD.jpg,DP933CD
290,train_data\DQ040VP.jpg,DQ040VP
291,train_data\DQ200PB.png,DQ200PB
292,train_data\DQ200PB_1.png,DQ200PB
293,train_data\DQ824BE.png,DQ824BE
294,train_data\DR337TM.png,DR337TM
295,train_data\DS051CD.png,DS051CD
296,train_data\DS641PQ.png,DS641PQ
297,train_data\DT0505.png,DT0505
298,train_data\DT548KY.png,DT548KY
299,train_data\DUS170.png,DUS170
300,train_data\DW664GT.jpg,DW664GT
301,train_data\DY323ZC.jpg,DY323ZC
302,train_data\DY378ZH.jpg,DY378ZH
303,train_data\DY769ZV.jpg,DY769ZV
304,train_data\E52CNW.png,E52CNW
305,train_data\E59J262.png,E59J262
306,train_data\EA698EC.jpg,EA698EC
307,train_data\EC010PW.jpg,EC010PW
308,train_data\EC377VM.jpg,EC377VM
309,train_data\EC431DC.jpg,EC431DC
310,train_data\EE972DY.jpg,EE972DY
311,train_data\EJ494BR.png,EJ494BR
312,train_data\EK034FF.jpg,EK034FF
313,train_data\EL156RR.jpg,EL156RR
314,train_data\EL493LK.jpg,EL493LK
315,train_data\EL540EV.jpg,EL540EV
316,train_data\EL902WL.jpg,EL902WL
317,train_data\EM279BL.jpg,EM279BL
318,train_data\EM997GY.jpg,EM997GY
319,train_data\EN009NR.jpg,EN009NR
320,train_data\EP396QP.jpg,EP396QP
321,train_data\ER803WH.jpg,ER803WH
322,train_data\ER888FS.jpg,ER888FS
323,train_data\ES344.png,ES344
324,train_data\ES465EA.jpg,ES465EA
325,train_data\ESCM1106.png,ESCM1106
326,train_data\ESS1535.png,ESS1535
327,train_data\ESTG27.png,ESTG27
328,train_data\ESXI8932.png,ESXI8932
329,train_data\EV070QS.jpg,EV070QS
330,train_data\EV326XY.jpg,EV326XY
331,train_data\EVF960.png,EVF960
332,train_data\EY728WJ.jpg,EY728WJ
333,train_data\EYA4798.png,EYA4798
334,train_data\EYA4798_1.png,EYA4798
335,train_data\EZ393CA.jpg,EZ393CA
336,train_data\EZ853XD.jpg,EZ853XD
337,train_data\EZ931ZH.jpg,EZ931ZH
338,train_data\FA485KS.jpg,FA485KS
339,train_data\FB487GN.jpg,FB487GN
340,train_data\FB670AV.png,FB670AV
341,train_data\FB761SN.jpg,FB761SN
342,train_data\FC074ZF.jpg,FC074ZF
343,train_data\FC337JE.jpg,FC337JE
344,train_data\FC768JZ.jpg,FC768JZ
345,train_data\FCK469.png,FCK469
346,train_data\FD347FH.jpg,FD347FH
347,train_data\FE615XW.jpg,FE615XW
348,train_data\FF252ND.jpg,FF252ND
349,train_data\FF486XA.jpg,FF486XA
350,train_data\FG047WG.jpg,FG047WG
351,train_data\FG393BF.jpg,FG393BF
352,train_data\FH746CT.jpg,FH746CT
353,train_data\FH785HT.jpg,FH785HT
354,train_data\FH921SN.jpg,FH921SN
355,train_data\FK682NW.jpg,FK682NW
356,train_data\FL527JN.jpg,FL527JN
357,train_data\FL900VP.jpg,FL900VP
358,train_data\FM264CL.jpg,FM264CL
359,train_data\FM335RQ.jpg,FM335RQ
360,train_data\FM971LJ.jpg,FM971LJ
361,train_data\FN536TH.jpg,FN536TH
362,train_data\FN979XC.jpg,FN979XC
363,train_data\FOW653.png,FOW653
364,train_data\FP055HQ.jpg,FP055HQ
365,train_data\FP190SM.jpg,FP190SM
366,train_data\FP193RQ.jpg,FP193RQ
367,train_data\FP494ML.jpg,FP494ML
368,train_data\FP773DS.jpg,FP773DS
369,train_data\FP999JB.jpg,FP999JB
370,train_data\FQ032EC.jpg,FQ032EC
371,train_data\FR192CN.jpg,FR192CN
372,train_data\FR199739.png,FR199739
373,train_data\FR400PK.jpg,FR400PK
374,train_data\FR881CN.jpg,FR881CN
375,train_data\FR931PX.jpg,FR931PX
376,train_data\FS028DP.jpg,FS028DP
377,train_data\FS066SR.jpg,FS066SR
378,train_data\FS100VH.jpg,FS100VH
379,train_data\FS153BW.jpg,FS153BW
380,train_data\FS246WV.jpg,FS246WV
381,train_data\FS280FV.jpg,FS280FV
382,train_data\FS319DF.jpg,FS319DF
383,train_data\FS371VQ.jpg,FS371VQ
384,train_data\FS827VN.jpg,FS827VN
385,train_data\FS938HA.jpg,FS938HA
386,train_data\G0CIAPA.png,G0CIAPA
387,train_data\G1176.png,G1176
388,train_data\G1457B.png,G1457B
389,train_data\G2870D.png,G2870D
390,train_data\G6620A.png,G6620A
391,train_data\G666CD.png,G666CD
392,train_data\G803IA.png,G803IA
393,train_data\G8360B.png,G8360B
394,train_data\G86969.png,G86969
395,train_data\G8772B.png,G8772B
396,train_data\G98085.png,G98085
397,train_data\GAJ169.JPG,GAJ169
398,train_data\GB55CMW.png,GB55CMW
399,train_data\GBR00F1.png,GBR00F1
400,train_data\GE1176_1.png,GE1176
401,train_data\GL2321.png,GL2321
402,train_data\GL80013U.png,GL80013U
403,train_data\GO6600H.png,GO6600H
404,train_data\GR69681.png,GR69681
405,train_data\GS049NP.png,GS049NP
406,train_data\GXD385.png,GXD385
407,train_data\HGAA7034.JPG,HGAA7034
408,train_data\HH07194.PNG,HH07194
409,train_data\HHRD41.JPG,HHRD41
410,train_data\HHSE457H.png,HHSE457H
411,train_data\HKH2245.png,HKH2245
412,train_data\HKT8466.png,HKT8466
413,train_data\HROD819.JPG,HROD819
414,train_data\IF05TAC.png,IF05TAC
415,train_data\IF09DAA.png,IF09DAA
416,train_data\IF18YMH.png,IF18YMH
417,train_data\IF18YMH_1.png,IF18YMH
418,train_data\IF82EVA.png,IF82EVA
419,train_data\IF99STK.png,IF99STK
420,train_data\IF99STK_1.png,IF99STK
421,train_data\IHN2783.png,IHN2783
422,train_data\INA6310.JPG,INA6310
423,train_data\J444CJW.png,J444CJW
424,train_data\J68M017.png,J68M017
425,train_data\JEE09.png,JEE09
426,train_data\JHJ70D.png,JHJ70D
427,train_data\JUX703.png,JUX703
428,train_data\KC636D0.png,KC636D0
429,train_data\KIS6744.png,KIS6744
430,train_data\KKA9052.png,KKA9052
431,train_data\KPPIRAN5.png,KPPIRAN5
432,train_data\KR336P.png,KR336P
433,train_data\KR444FT.png,KR444FT
434,train_data\KRA99913.png,KRA99913
435,train_data\KSC124.png,KSC124
436,train_data\KWG107.png,KWG107
437,train_data\L0JJ1011.png,L0JJ1011
438,train_data\L121243.png,L121243
439,train_data\L7855.png,L7855
440,train_data\LA5079.JPG,LA5079
441,train_data\LBGM3358.png,LBGM3358
442,train_data\LBQB61.png,LBQB61
443,train_data\LE04EVW.png,LE04EVW
444,train_data\LG9.JPG,LG9
445,train_data\LJFJ551.png,LJFJ551
446,train_data\LL2134.png,LL2134
447,train_data\LM5399.png,LM5399
448,train_data\M2090WM.png,M2090WM
449,train_data\M8822E.png,M8822E
450,train_data\M9852.png,M9852
451,train_data\MA877AA.png,MA877AA
452,train_data\MAP7563.JPG,MAP7563
453,train_data\MAX059.png,MAX059
454,train_data\MBCL600.JPG,MBCL600
455,train_data\MBDT781.JPG,MBDT781
456,train_data\MD484DO.png,MD484DO
457,train_data\MDLAYK7.png,MDLAYK7
458,train_data\MDPC1249.png,MDPC1249
459,train_data\MF01444.png,MF01444
460,train_data\MG06438.png,MG06438
461,train_data\MGX1234.JPG,MGX1234
462,train_data\MM11XYL.png,MM11XYL
463,train_data\MS5683V.png,MS5683V
464,train_data\MUO003.png,MUO003
465,train_data\MVL422.png,MVL422
466,train_data\N50IFSP_1.png,N50IFSP
467,train_data\NA516BN.png,NA516BN
468,train_data\NDNH12.png,NDNH12
469,train_data\NE62697.png,NE62697
470,train_data\NNI282.png,NNI282
471,train_data\NRW11.png,NRW11
472,train_data\NRW45317.JPG,NRW45317
473,train_data\NTH299.png,NTH299
474,train_data\NW17700.png,NW17700
475,train_data\OG883S.png,OG883S
476,train_data\OS186DN.png,OS186DN
477,train_data\P01229.png,P01229
478,train_data\P01995.png,P01995
479,train_data\P0A3239.png,P0A3239
480,train_data\PB046BB.png,PB046BB
481,train_data\PEK2023.png,PEK2023
482,train_data\PELN212.JPG,PELN212
483,train_data\PEM2363.png,PEM2363
484,train_data\PFME707.png,PFME707
485,train_data\PG589G.JPG,PG589G
486,train_data\PP33556.png,PP33556
487,train_data\PP52889.png,PP52889
488,train_data\PR24246.png,PR24246
489,train_data\PUS142KP.png,PUS142KP
490,train_data\QAAN006.png,QAAN006
491,train_data\QBY384.png,QBY384
492,train_data\QCE908.png,QCE908
493,train_data\QJ9905.png,QJ9905
494,train_data\QLGX125.JPG,QLGX125
495,train_data\RA5366.png,RA5366
496,train_data\RI475KM.png,RI475KM
497,train_data\RK131F.png,RK131F
498,train_data\ROWCQ66.png,ROWCQ66
499,train_data\RSK806.png,RSK806
500,train_data\RUDCN890.JPG,RUDCN890
501,train_data\S051701.png,S051701
502,train_data\S0A1468.png,S0A1468
503,train_data\SAN4002.png,SAN4002
504,train_data\SAN9689.png,SAN9689
505,train_data\SAP4686.png,SAP4686
506,train_data\SB014882.png,SB014882
507,train_data\SB501CT.png,SB501CT
508,train_data\SB90TZI.png,SB90TZI
509,train_data\SB90TZI_1.png,SB90TZI
510,train_data\SBE880.png,SBE880
511,train_data\SCS635.png,SCS635
512,train_data\SE8517BW.png,SE8517BW
513,train_data\SEJ2011.png,SEJ2011
514,train_data\SG1579.png,SG1579
515,train_data\SG59711.png,SG59711
516,train_data\SGE6783.png,SGE6783
517,train_data\SGO2508.png,SGO2508
518,train_data\SH36423.png,SH36423
519,train_data\SH36423_1.png,SH36423
520,train_data\SHB6665.png,SHB6665
521,train_data\SJJ1621.png,SJJ1621
522,train_data\SLA789.png,SLA789
523,train_data\SLH8566.png,SLH8566
524,train_data\SLSC56.JPG,SLSC56
525,train_data\SMB2062.JPG,SMB2062
526,train_data\SMB2078.JPG,SMB2078
527,train_data\SMC1735.JPG,SMC1735
528,train_data\SNG661.png,SNG661
529,train_data\SPO7211.JPG,SPO7211
530,train_data\SR11979.png,SR11979
531,train_data\SR15395.png,SR15395
532,train_data\SRG105.png,SRG105
533,train_data\SRG4104.png,SRG4104
534,train_data\SUFF170.JPG,SUFF170
535,train_data\SYK63.png,SYK63
536,train_data\SZ60653.png,SZ60653
537,train_data\T399JBH.png,T399JBH
538,train_data\T399JBH_1.png,T399JBH
539,train_data\T3FWS.png,T3FWS
540,train_data\TG14106.png,TG14106
541,train_data\TMD038.png,TMD038
542,train_data\TR05RBG.png,TR05RBG
543,train_data\TR05RGB.jpg,TR05RGB
544,train_data\TR05YPP.png,TR05YPP
545,train_data\TR05YPP_1.png,TR05YPP
546,train_data\TR95XMI.png,TR95XMI
547,train_data\TR95XMI_2.png,TR95XMI
548,train_data\TV00007.png,TV00007
549,train_data\UUP216.png,UUP216
550,train_data\V5543EJ.png,V5543EJ
551,train_data\VA6811T.png,VA6811T
552,train_data\VD454490.png,VD454490
553,train_data\VD5886Z.png,VD5886Z
554,train_data\VD861T.png,VD861T
555,train_data\VD961408.png,VD961408
556,train_data\VEL923.png,VEL923
557,train_data\VH13609.png,VH13609
558,train_data\VJ8593.png,VJ8593
559,train_data\VK266CJ.png,VK266CJ
560,train_data\VN05SAK.png,VN05SAK
561,train_data\VS236891.png,VS236891
562,train_data\VSAV88.png,VSAV88
563,train_data\VT884BP.png,VT884BP
564,train_data\VU455CG.png,VU455CG
565,train_data\VZ390HM.png,VZ390HM
566,train_data\W0T560.png,W0T560
567,train_data\W178JZ.jpg,W178JZ
568,train_data\W304JF.jpg,W304JF
569,train_data\W31491N.png,W31491N
570,train_data\W373KE.jpg,W373KE
571,train_data\W386BX.png,W386BX
572,train_data\W584RP.png,W584RP
573,train_data\WOBAV151.JPG,WOBAV151
574,train_data\WOBNP301.JPG,WOBNP301
575,train_data\WOBVR142.JPG,WOBVR142
576,train_data\WW238BB.jpg,WW238BB
577,train_data\WW291DD.png,WW291DD
578,train_data\XK15588.png,XK15588
579,train_data\XNP5042.png,XNP5042
580,train_data\XTJ842.png,XTJ842
581,train_data\Y932DGP.png,Y932DGP
582,train_data\ZDT923.png,ZDT923
583,train_data\ZE264F0.png,ZE264F0
584,train_data\ZG56409.png,ZG56409
585,train_data\ZH818159.png,ZH818159
586,train_data\ZH86183.png,ZH86183
587,train_data\ZZ7099.png,ZZ7099
